{
  "response_code": 0,
  "results": [
    {
      "category": "Science: Computers",
      "type": "multiple",
      "difficulty": "easy",
      "question": "In any programming language, what is the most common way to iterate through an array?",
      "correct_answer": "&#039;For&#039; loops",
      "incorrect_answers": [
        "&#039;If&#039; Statements",
        "&#039;Do-while&#039; loops",
        "&#039;While&#039; loops"
      ]
    },
    {
      "category": "Science: Computers",
      "type": "multiple",
      "difficulty": "easy",
      "question": "What does the &quot;MP&quot; stand for in MP3?",
      "correct_answer": "Moving Picture",
      "incorrect_answers": ["Music Player", "Multi Pass", "Micro Point"]
    },
    {
      "category": "Science: Computers",
      "type": "multiple",
      "difficulty": "easy",
      "question": "What does GHz stand for?",
      "correct_answer": "Gigahertz",
      "incorrect_answers": ["Gigahotz", "Gigahetz", "Gigahatz"]
    },
    {
      "category": "Science: Computers",
      "type": "multiple",
      "difficulty": "easy",
      "question": "The series of the Intel HD graphics generation succeeding that of the 5000 and 6000 series (Broadwell) is called:",
      "correct_answer": "HD Graphics 500",
      "incorrect_answers": [
        "HD Graphics 700 ",
        "HD Graphics 600",
        "HD Graphics 7000"
      ]
    },
    {
      "category": "Science: Computers",
      "type": "multiple",
      "difficulty": "easy",
      "question": "In web design, what does CSS stand for?",
      "correct_answer": "Cascading Style Sheet",
      "incorrect_answers": [
        "Counter Strike: Source",
        "Corrective Style Sheet",
        "Computer Style Sheet"
      ]
    },
    {
      "category": "Science: Computers",
      "type": "multiple",
      "difficulty": "easy",
      "question": "How many kilobytes in one gigabyte (in decimal)?",
      "correct_answer": "1000000",
      "incorrect_answers": ["1024", "1000", "1048576"]
    },
    {
      "category": "Science: Computers",
      "type": "multiple",
      "difficulty": "easy",
      "question": "Which computer language would you associate Django framework with?",
      "correct_answer": "Python",
      "incorrect_answers": ["C#", "C++", "Java"]
    },
    {
      "category": "Science: Computers",
      "type": "multiple",
      "difficulty": "easy",
      "question": "What does LTS stand for in the software market?",
      "correct_answer": "Long Term Support",
      "incorrect_answers": [
        "Long Taco Service",
        "Ludicrous Transfer Speed",
        "Ludicrous Turbo Speed"
      ]
    },
    {
      "category": "Science: Computers",
      "type": "multiple",
      "difficulty": "easy",
      "question": "This mobile OS held the largest market share in 2012.",
      "correct_answer": "iOS",
      "incorrect_answers": ["Android", "BlackBerry", "Symbian"]
    },
    {
      "category": "Science: Computers",
      "type": "multiple",
      "difficulty": "easy",
      "question": "What does the computer software acronym JVM stand for?",
      "correct_answer": "Java Virtual Machine",
      "incorrect_answers": [
        "Java Vendor Machine",
        "Java Visual Machine",
        "Just Virtual Machine"
      ]
    }
  ]
}
